[
  {"name": "Los Angeles County", "state": "CA", "population": 10014009},
  {"name": "Cook County", "state": "IL", "population": 5275541},
  {"name": "Harris County", "state": "TX", "population": 4731145},
  {"name": "Maricopa County", "state": "AZ", "population": 4420568},
  {"name": "San Diego County", "state": "CA", "population": 3298634},
  {"name": "Orange County", "state": "CA", "population": 3186989},
  {"name": "Miami-Dade County", "state": "FL", "population": 2701767},
  {"name": "Dallas County", "state": "TX", "population": 2613539},
  {"name": "Kings County", "state": "NY", "population": 2736074},
  {"name": "Riverside County", "state": "CA", "population": 2470546},
  {"name": "Queens County", "state": "NY", "population": 2405464},
  {"name": "Clark County", "state": "NV", "population": 2265461},
  {"name": "San Bernardino County", "state": "CA", "population": 2180085},
  {"name": "King County", "state": "WA", "population": 2269675},
  {"name": "Tarrant County", "state": "TX", "population": 2110640},
  {"name": "Bexar County", "state": "TX", "population": 2009324},
  {"name": "Santa Clara County", "state": "CA", "population": 1936259},
  {"name": "Broward County", "state": "FL", "population": 1944375},
  {"name": "Wayne County", "state": "MI", "population": 1793561},
  {"name": "Alameda County", "state": "CA", "population": 1682353},
  {"name": "New York County", "state": "NY", "population": 1694251},
  {"name": "Middlesex County", "state": "MA", "population": 1632002},
  {"name": "Philadelphia County", "state": "PA", "population": 1603797},
  {"name": "Suffolk County", "state": "NY", "population": 1525920},
  {"name": "Sacramento County", "state": "CA", "population": 1585055},
  {"name": "Bronx County", "state": "NY", "population": 1472654},
  {"name": "Nassau County", "state": "NY", "population": 1395774},
  {"name": "Palm Beach County", "state": "FL", "population": 1492191},
  {"name": "Hillsborough County", "state": "FL", "population": 1459762},
  {"name": "Cuyahoga County", "state": "OH", "population": 1264817},
  {"name": "Franklin County", "state": "OH", "population": 1323807},
  {"name": "Allegheny County", "state": "PA", "population": 1250578},
  {"name": "Travis County", "state": "TX", "population": 1290188},
  {"name": "Oakland County", "state": "MI", "population": 1274395},
  {"name": "Hennepin County", "state": "MN", "population": 1281565},
  {"name": "Orange County", "state": "FL", "population": 1393452},
  {"name": "Contra Costa County", "state": "CA", "population": 1165927},
  {"name": "Collin County", "state": "TX", "population": 1064465},
  {"name": "Pima County", "state": "AZ", "population": 1043433},
  {"name": "Fairfax County", "state": "VA", "population": 1150309},
  {"name": "St. Louis County", "state": "MO", "population": 1004125},
  {"name": "Fresno County", "state": "CA", "population": 1008654},
  {"name": "Mecklenburg County", "state": "NC", "population": 1115482},
  {"name": "Marion County", "state": "IN", "population": 977642},
  {"name": "Wake County", "state": "NC", "population": 1129410},
  {"name": "San Francisco County", "state": "CA", "population": 873965},
  {"name": "Fulton County", "state": "GA", "population": 1066710},
  {"name": "Westchester County", "state": "NY", "population": 1004457},
  {"name": "Multnomah County", "state": "OR", "population": 815428},
  {"name": "Montgomery County", "state": "MD", "population": 1062061},
  {"name": "Shelby County", "state": "TN", "population": 929744},
  {"name": "Pinellas County", "state": "FL", "population": 974996},
  {"name": "Ventura County", "state": "CA", "population": 843843},
  {"name": "Kern County", "state": "CA", "population": 909235},
  {"name": "DuPage County", "state": "IL", "population": 932877},
  {"name": "Erie County", "state": "NY", "population": 954236},
  {"name": "Gwinnett County", "state": "GA", "population": 957062},
  {"name": "Milwaukee County", "state": "WI", "population": 945726},
  {"name": "Essex County", "state": "NJ", "population": 863728},
  {"name": "Montgomery County", "state": "PA", "population": 856553},
  {"name": "Salt Lake County", "state": "UT", "population": 1185238},
  {"name": "Honolulu County", "state": "HI", "population": 1016508},
  {"name": "Duval County", "state": "FL", "population": 995567},
  {"name": "Lee County", "state": "FL", "population": 760822},
  {"name": "Hartford County", "state": "CT", "population": 899498},
  {"name": "Denton County", "state": "TX", "population": 906422},
  {"name": "Bernalillo County", "state": "NM", "population": 676444},
  {"name": "San Mateo County", "state": "CA", "population": 764442},
  {"name": "Cobb County", "state": "GA", "population": 766149},
  {"name": "Hamilton County", "state": "OH", "population": 830639},
  {"name": "DeKalb County", "state": "GA", "population": 764382},
  {"name": "El Paso County", "state": "TX", "population": 865657},
  {"name": "Suffolk County", "state": "MA", "population": 820555},
  {"name": "Hidalgo County", "state": "TX", "population": 870781},
  {"name": "Davidson County", "state": "TN", "population": 715884},
  {"name": "Pierce County", "state": "WA", "population": 904980},
  {"name": "Fairfield County", "state": "CT", "population": 943332},
  {"name": "Jefferson County", "state": "AL", "population": 674721},
  {"name": "Snohomish County", "state": "WA", "population": 827957},
  {"name": "Macomb County", "state": "MI", "population": 881217},
  {"name": "Polk County", "state": "FL", "population": 725046},
  {"name": "Fort Bend County", "state": "TX", "population": 822779},
  {"name": "Pinal County", "state": "AZ", "population": 462789},
  {"name": "Prince George's County", "state": "MD", "population": 967201},
  {"name": "Brevard County", "state": "FL", "population": 606612},
  {"name": "Jefferson County", "state": "KY", "population": 782969},
  {"name": "Tulsa County", "state": "OK", "population": 669279},
  {"name": "New Haven County", "state": "CT", "population": 864835},
  {"name": "Bergen County", "state": "NJ", "population": 955732},
  {"name": "Lake County", "state": "IL", "population": 714342},
  {"name": "Will County", "state": "IL", "population": 696355},
  {"name": "San Joaquin County", "state": "CA", "population": 779233},
  {"name": "Worcester County", "state": "MA", "population": 862111},
  {"name": "Dane County", "state": "WI", "population": 561504},
  {"name": "El Paso County", "state": "CO", "population": 730395},
  {"name": "Baltimore County", "state": "MD", "population": 854535},
  {"name": "Oklahoma County", "state": "OK", "population": 797434},
  {"name": "Norfolk County", "state": "MA", "population": 725981},
  {"name": "Middlesex County", "state": "NJ", "population": 863162}
]
